metric,n_routers,chi2,p_value
em,5,10.789473684210527,0.02903475963959691
f1,5,11.800000000000011,0.018902169249501655
mean_e2e_latency_s,5,15.200000000000003,0.004303882327589247
mean_cost_usd,5,15.400000000000006,0.003939596491115125
