router,em_mean,em_std,f1_mean,f1_std,e2e_mean,e2e_std,p95_mean,qps_mean,cost_per_q_mean,total_cost_mean,llm_calls_mean,gpu_peak_mb_max
AgentRoute,0.503125,0.057168428058384346,0.5986966814888011,0.05962615016205395,1.0733033843338489,0.1208531269504105,1.9257281303405756,0.9396654790483232,3.3198375e-05,0.0026558700000000003,1.0,8328.591796875
EvoMAS,0.47500000000000003,0.06454972243679027,0.5565296615347018,0.06004951473541593,1.8922941356897354,0.2519039163027835,4.320376244187354,0.5349461254164514,6.258653125e-05,0.0050069225,1.86875,8351.904296875
OI-MAS,0.5,0.06208193510729726,0.6031993443929449,0.05691752128992864,1.6653831727802753,0.22331481440311035,3.642233210802077,0.6075487595409245,6.594384375e-05,0.0052755075,2.0,8354.7412109375
RCR-Router,0.503125,0.06950344715671782,0.6492001192748476,0.035991898231227455,2.391808526217938,0.28574875208260464,5.054958757758139,0.4225699938779761,8.844478125e-05,0.0070755825,4.0,8315.54931640625
RopMura,0.44062500000000004,0.035903516540862684,0.5914555546673812,0.01868104039856976,2.4129041358828545,0.06035283725983623,5.455526986718177,0.4145148905158416,6.38093125e-05,0.005104745,6.7625,8314.52197265625
