metric,n_routers,chi2,p_value
accuracy,6,14.23809523809524,0.014165683684850317
mean_e2e_latency_s,6,15.0,0.010362337915786429
mean_cost_usd,6,15.0,0.010362337915786429
