router,metric,n_points,spearman_rho,p_value
OI-MAS,p95_e2e_latency_s,4,-0.7999999999999999,0.2000000000000001
EvoMAS,p95_e2e_latency_s,4,-0.6000000000000001,0.4
AgentRoute,p95_e2e_latency_s,4,0.7999999999999999,0.2000000000000001
RopMura,p95_e2e_latency_s,4,,
