target_qps,metric,n_routers,chi2,p_value
0.5,p95_e2e_latency_s,4,5.399999999999999,0.1447435794148559
1.0,p95_e2e_latency_s,4,6.0,0.11161022509471268
2.0,p95_e2e_latency_s,4,6.0,0.11161022509471268
5.0,p95_e2e_latency_s,4,6.0,0.11161022509471268
