router,accuracy_mean,accuracy_std,e2e_mean,e2e_std,p95_mean,qps_mean,cost_per_q_mean,cost_per_q_std,total_cost_mean,llm_calls_mean,gpu_peak_mb_max
AgentRoute,0.6533333333333333,0.055075705472861045,1.1506312044461569,0.02628398351486474,1.7771996855735777,0.8690533670692041,1.0233400000000001e-05,2.1364641349669382e-07,0.0010233400000000002,1.0,7832.029296875
EvoMAS,0.4766666666666666,0.04163331998932267,3.1141330901781714,0.2535092005766393,7.826862208048503,0.32250788766587973,2.2348633333333335e-05,1.6702391934490563e-06,0.0022348633333333333,1.61,7836.79345703125
OI-MAS,0.5366666666666666,0.06350852961085883,3.234091650644938,0.34398580015423064,7.2503712534904485,0.31164999391091536,2.794346666666667e-05,1.992602480007824e-06,0.0027943466666666673,2.3466666666666667,7863.29638671875
RCR-Router,0.6699999999999999,0.06557438524302005,13.463294056256613,0.5261127281419612,17.70608359972636,0.07434788201297969,0.00017493756666666664,8.379753299670184e-06,0.017493756666666666,8.520000000000001,8092.69189453125
RopMura,0.3,0.05291502622129182,6.379692624409993,0.12975410871754625,7.800016482671102,0.15677539786512043,5.91846e-05,6.228553042240148e-07,0.00591846,5.026666666666666,7853.37646484375
