metric,n_routers,chi2,p_value
accuracy,5,10.933333333333337,0.027323561531110575
mean_e2e_latency_s,5,11.466666666666669,0.02179089585829388
mean_cost_usd,5,12.0,0.01735126523666451
